Original,Region,Region2
French Frigate,Northwest Hawaiian Islands,Northwest_Hawaiian_Islands
French Frigate,Northwest Hawaiian Islands,Northwest_Hawaiian_Islands
French Frigate,Northwest Hawaiian Islands,Northwest_Hawaiian_Islands
French Frigate,Northwest Hawaiian Islands,Northwest_Hawaiian_Islands
French Frigate,Northwest Hawaiian Islands,Northwest_Hawaiian_Islands
French Frigate,Northwest Hawaiian Islands,Northwest_Hawaiian_Islands
French Frigate,Northwest Hawaiian Islands,Northwest_Hawaiian_Islands
French Frigate,Northwest Hawaiian Islands,Northwest_Hawaiian_Islands
French Frigate,Northwest Hawaiian Islands,Northwest_Hawaiian_Islands
French Frigate,Northwest Hawaiian Islands,Northwest_Hawaiian_Islands
French Frigate,Northwest Hawaiian Islands,Northwest_Hawaiian_Islands
French Frigate,Northwest Hawaiian Islands,Northwest_Hawaiian_Islands
French Frigate,Northwest Hawaiian Islands,Northwest_Hawaiian_Islands
French Frigate,Northwest Hawaiian Islands,Northwest_Hawaiian_Islands
French Frigate,Northwest Hawaiian Islands,Northwest_Hawaiian_Islands
French Frigate,Northwest Hawaiian Islands,Northwest_Hawaiian_Islands
French Frigate,Northwest Hawaiian Islands,Northwest_Hawaiian_Islands
French Frigate,Northwest Hawaiian Islands,Northwest_Hawaiian_Islands
French Frigate,Northwest Hawaiian Islands,Northwest_Hawaiian_Islands
French Frigate,Northwest Hawaiian Islands,Northwest_Hawaiian_Islands
French Frigate,Northwest Hawaiian Islands,Northwest_Hawaiian_Islands
French Frigate,Northwest Hawaiian Islands,Northwest_Hawaiian_Islands
French Frigate,Northwest Hawaiian Islands,Northwest_Hawaiian_Islands
French Frigate,Northwest Hawaiian Islands,Northwest_Hawaiian_Islands
French Frigate,Northwest Hawaiian Islands,Northwest_Hawaiian_Islands
French Frigate,Northwest Hawaiian Islands,Northwest_Hawaiian_Islands
French Frigate,Northwest Hawaiian Islands,Northwest_Hawaiian_Islands
French Frigate,Northwest Hawaiian Islands,Northwest_Hawaiian_Islands
Hilo,Main Hawaiian Islands,Main_Hawaiian_Islands
Hilo,Main Hawaiian Islands,Main_Hawaiian_Islands
Hilo,Main Hawaiian Islands,Main_Hawaiian_Islands
Hilo,Main Hawaiian Islands,Main_Hawaiian_Islands
Hilo,Main Hawaiian Islands,Main_Hawaiian_Islands
Hilo,Main Hawaiian Islands,Main_Hawaiian_Islands
Hilo,Main Hawaiian Islands,Main_Hawaiian_Islands
Hilo,Main Hawaiian Islands,Main_Hawaiian_Islands
Hilo,Main Hawaiian Islands,Main_Hawaiian_Islands
Jarvis,Line Islands,Line_Islands
Jarvis,Line Islands,Line_Islands
Jarvis,Line Islands,Line_Islands
Jarvis,Line Islands,Line_Islands
Jarvis,Line Islands,Line_Islands
Jarvis,Line Islands,Line_Islands
Jarvis,Line Islands,Line_Islands
Jarvis,Line Islands,Line_Islands
Jarvis,Line Islands,Line_Islands
Jarvis,Line Islands,Line_Islands
Jarvis,Line Islands,Line_Islands
Jarvis,Line Islands,Line_Islands
Jarvis,Line Islands,Line_Islands
Jarvis,Line Islands,Line_Islands
Jarvis,Line Islands,Line_Islands
Jarvis,Line Islands,Line_Islands
Jarvis,Line Islands,Line_Islands
Jarvis,Line Islands,Line_Islands
Jarvis,Line Islands,Line_Islands
Jarvis,Line Islands,Line_Islands
Jarvis,Line Islands,Line_Islands
Jarvis,Line Islands,Line_Islands
Jarvis,Line Islands,Line_Islands
Johnston,Johnston,Johnston
Johnston,Johnston,Johnston
Johnston,Johnston,Johnston
Johnston,Johnston,Johnston
Johnston,Johnston,Johnston
Johnston,Johnston,Johnston
Johnston,Johnston,Johnston
Johnston,Johnston,Johnston
Johnston,Johnston,Johnston
Johnston,Johnston,Johnston
Johnston,Johnston,Johnston
Johnston,Johnston,Johnston
Johnston,Johnston,Johnston
Johnston,Johnston,Johnston
Johnston,Johnston,Johnston
Johnston,Johnston,Johnston
Johnston,Johnston,Johnston
Johnston,Johnston,Johnston
Johnston,Johnston,Johnston
Johnston,Johnston,Johnston
Johnston,Johnston,Johnston
Johnston,Johnston,Johnston
Johnston,Johnston,Johnston
Johnston,Johnston,Johnston
Johnston,Johnston,Johnston
Johnston,Johnston,Johnston
Kauai,Main Hawaiian Islands,Main_Hawaiian_Islands
Kauai,Main Hawaiian Islands,Main_Hawaiian_Islands
Kauai,Main Hawaiian Islands,Main_Hawaiian_Islands
Kauai,Main Hawaiian Islands,Main_Hawaiian_Islands
Kauai,Main Hawaiian Islands,Main_Hawaiian_Islands
Kauai,Main Hawaiian Islands,Main_Hawaiian_Islands
Kauai,Main Hawaiian Islands,Main_Hawaiian_Islands
Kauai,Main Hawaiian Islands,Main_Hawaiian_Islands
Kauai,Main Hawaiian Islands,Main_Hawaiian_Islands
Kauai,Main Hawaiian Islands,Main_Hawaiian_Islands
Kauai,Main Hawaiian Islands,Main_Hawaiian_Islands
Kauai,Main Hawaiian Islands,Main_Hawaiian_Islands
Kauai,Main Hawaiian Islands,Main_Hawaiian_Islands
Kauai,Main Hawaiian Islands,Main_Hawaiian_Islands
Kauai,Main Hawaiian Islands,Main_Hawaiian_Islands
Kauai,Main Hawaiian Islands,Main_Hawaiian_Islands
Kauai,Main Hawaiian Islands,Main_Hawaiian_Islands
Kauai,Main Hawaiian Islands,Main_Hawaiian_Islands
Kauai,Main Hawaiian Islands,Main_Hawaiian_Islands
Kauai,Main Hawaiian Islands,Main_Hawaiian_Islands
Kauai,Main Hawaiian Islands,Main_Hawaiian_Islands
Kauai,Main Hawaiian Islands,Main_Hawaiian_Islands
Kauai,Main Hawaiian Islands,Main_Hawaiian_Islands
Kauai,Main Hawaiian Islands,Main_Hawaiian_Islands
Kauai,Main Hawaiian Islands,Main_Hawaiian_Islands
Kauai,Main Hawaiian Islands,Main_Hawaiian_Islands
Kauai,Main Hawaiian Islands,Main_Hawaiian_Islands
Kauai,Main Hawaiian Islands,Main_Hawaiian_Islands
Kauai,Main Hawaiian Islands,Main_Hawaiian_Islands
Kauai,Main Hawaiian Islands,Main_Hawaiian_Islands
Kingman,Line Islands,Line_Islands
Kingman,Line Islands,Line_Islands
Kingman,Line Islands,Line_Islands
Kingman,Line Islands,Line_Islands
Kingman,Line Islands,Line_Islands
Kingman,Line Islands,Line_Islands
Kingman,Line Islands,Line_Islands
Kingman,Line Islands,Line_Islands
Kingman,Line Islands,Line_Islands
Kingman,Line Islands,Line_Islands
Kingman,Line Islands,Line_Islands
Kingman,Line Islands,Line_Islands
Kingman,Line Islands,Line_Islands
Kingman,Line Islands,Line_Islands
Kingman,Line Islands,Line_Islands
Kingman,Line Islands,Line_Islands
Kingman,Line Islands,Line_Islands
Kingman,Line Islands,Line_Islands
Kingman,Line Islands,Line_Islands
Kingman,Line Islands,Line_Islands
Kingman,Line Islands,Line_Islands
Kingman,Line Islands,Line_Islands
Kingman,Line Islands,Line_Islands
Kingman,Line Islands,Line_Islands
Kingman,Line Islands,Line_Islands
Kingman,Line Islands,Line_Islands
Kingman,Line Islands,Line_Islands
Kona,Main Hawaiian Islands,Main_Hawaiian_Islands
Kona,Main Hawaiian Islands,Main_Hawaiian_Islands
Kona,Main Hawaiian Islands,Main_Hawaiian_Islands
Kona,Main Hawaiian Islands,Main_Hawaiian_Islands
Kona,Main Hawaiian Islands,Main_Hawaiian_Islands
Kona,Main Hawaiian Islands,Main_Hawaiian_Islands
Kona,Main Hawaiian Islands,Main_Hawaiian_Islands
Kona,Main Hawaiian Islands,Main_Hawaiian_Islands
Kona,Main Hawaiian Islands,Main_Hawaiian_Islands
Kona,Main Hawaiian Islands,Main_Hawaiian_Islands
Kona,Main Hawaiian Islands,Main_Hawaiian_Islands
Kona,Main Hawaiian Islands,Main_Hawaiian_Islands
Kona,Main Hawaiian Islands,Main_Hawaiian_Islands
Kona,Main Hawaiian Islands,Main_Hawaiian_Islands
Kona,Main Hawaiian Islands,Main_Hawaiian_Islands
Kona,Main Hawaiian Islands,Main_Hawaiian_Islands
Kona,Main Hawaiian Islands,Main_Hawaiian_Islands
Kona,Main Hawaiian Islands,Main_Hawaiian_Islands
Kona,Main Hawaiian Islands,Main_Hawaiian_Islands
Kona,Main Hawaiian Islands,Main_Hawaiian_Islands
Kona,Main Hawaiian Islands,Main_Hawaiian_Islands
Kure,Northwest Hawaiian Islands,Northwest_Hawaiian_Islands
Kure,Northwest Hawaiian Islands,Northwest_Hawaiian_Islands
Kure,Northwest Hawaiian Islands,Northwest_Hawaiian_Islands
Kure,Northwest Hawaiian Islands,Northwest_Hawaiian_Islands
Kure,Northwest Hawaiian Islands,Northwest_Hawaiian_Islands
Kure,Northwest Hawaiian Islands,Northwest_Hawaiian_Islands
Kure,Northwest Hawaiian Islands,Northwest_Hawaiian_Islands
Kure,Northwest Hawaiian Islands,Northwest_Hawaiian_Islands
Kure,Northwest Hawaiian Islands,Northwest_Hawaiian_Islands
Kure,Northwest Hawaiian Islands,Northwest_Hawaiian_Islands
Kure,Northwest Hawaiian Islands,Northwest_Hawaiian_Islands
Kure,Northwest Hawaiian Islands,Northwest_Hawaiian_Islands
Kure,Northwest Hawaiian Islands,Northwest_Hawaiian_Islands
Kure,Northwest Hawaiian Islands,Northwest_Hawaiian_Islands
Kure,Northwest Hawaiian Islands,Northwest_Hawaiian_Islands
Kure,Northwest Hawaiian Islands,Northwest_Hawaiian_Islands
Kure,Northwest Hawaiian Islands,Northwest_Hawaiian_Islands
Kure,Northwest Hawaiian Islands,Northwest_Hawaiian_Islands
Kure,Northwest Hawaiian Islands,Northwest_Hawaiian_Islands
Kure,Northwest Hawaiian Islands,Northwest_Hawaiian_Islands
Kure,Northwest Hawaiian Islands,Northwest_Hawaiian_Islands
Kure,Northwest Hawaiian Islands,Northwest_Hawaiian_Islands
Kure,Northwest Hawaiian Islands,Northwest_Hawaiian_Islands
Kwajalein,Micronesia,Micronesia
Kwajalein,Micronesia,Micronesia
Kwajalein,Micronesia,Micronesia
Kwajalein,Micronesia,Micronesia
Kwajalein,Micronesia,Micronesia
Kwajalein,Micronesia,Micronesia
Kwajalein,Micronesia,Micronesia
Kwajalein,Micronesia,Micronesia
Kwajalein,Micronesia,Micronesia
Laysan,Northwest Hawaiian Islands,Northwest_Hawaiian_Islands
Laysan,Northwest Hawaiian Islands,Northwest_Hawaiian_Islands
Laysan,Northwest Hawaiian Islands,Northwest_Hawaiian_Islands
Laysan,Northwest Hawaiian Islands,Northwest_Hawaiian_Islands
Laysan,Northwest Hawaiian Islands,Northwest_Hawaiian_Islands
Laysan,Northwest Hawaiian Islands,Northwest_Hawaiian_Islands
Laysan,Northwest Hawaiian Islands,Northwest_Hawaiian_Islands
Laysan,Northwest Hawaiian Islands,Northwest_Hawaiian_Islands
Laysan,Northwest Hawaiian Islands,Northwest_Hawaiian_Islands
Laysan,Northwest Hawaiian Islands,Northwest_Hawaiian_Islands
Laysan,Northwest Hawaiian Islands,Northwest_Hawaiian_Islands
Laysan,Northwest Hawaiian Islands,Northwest_Hawaiian_Islands
Majuro,Micronesia,Micronesia
Majuro,Micronesia,Micronesia
Majuro,Micronesia,Micronesia
Majuro,Micronesia,Micronesia
Majuro,Micronesia,Micronesia
Majuro,Micronesia,Micronesia
Majuro,Micronesia,Micronesia
Majuro,Micronesia,Micronesia
Majuro,Micronesia,Micronesia
Majuro,Micronesia,Micronesia
Majuro,Micronesia,Micronesia
Majuro,Micronesia,Micronesia
Majuro,Micronesia,Micronesia
Majuro,Micronesia,Micronesia
Midway,Northwest Hawaiian Islands,Northwest_Hawaiian_Islands
Midway,Northwest Hawaiian Islands,Northwest_Hawaiian_Islands
Midway,Northwest Hawaiian Islands,Northwest_Hawaiian_Islands
Midway,Northwest Hawaiian Islands,Northwest_Hawaiian_Islands
Midway,Northwest Hawaiian Islands,Northwest_Hawaiian_Islands
Midway,Northwest Hawaiian Islands,Northwest_Hawaiian_Islands
Midway,Northwest Hawaiian Islands,Northwest_Hawaiian_Islands
Midway,Northwest Hawaiian Islands,Northwest_Hawaiian_Islands
Midway,Northwest Hawaiian Islands,Northwest_Hawaiian_Islands
Midway,Northwest Hawaiian Islands,Northwest_Hawaiian_Islands
Midway,Northwest Hawaiian Islands,Northwest_Hawaiian_Islands
Midway,Northwest Hawaiian Islands,Northwest_Hawaiian_Islands
Midway,Northwest Hawaiian Islands,Northwest_Hawaiian_Islands
Midway,Northwest Hawaiian Islands,Northwest_Hawaiian_Islands
Midway,Northwest Hawaiian Islands,Northwest_Hawaiian_Islands
Midway,Northwest Hawaiian Islands,Northwest_Hawaiian_Islands
Midway,Northwest Hawaiian Islands,Northwest_Hawaiian_Islands
Midway,Northwest Hawaiian Islands,Northwest_Hawaiian_Islands
Midway,Northwest Hawaiian Islands,Northwest_Hawaiian_Islands
Midway,Northwest Hawaiian Islands,Northwest_Hawaiian_Islands
Midway,Northwest Hawaiian Islands,Northwest_Hawaiian_Islands
Midway,Northwest Hawaiian Islands,Northwest_Hawaiian_Islands
Midway,Northwest Hawaiian Islands,Northwest_Hawaiian_Islands
Midway,Northwest Hawaiian Islands,Northwest_Hawaiian_Islands
Midway,Northwest Hawaiian Islands,Northwest_Hawaiian_Islands
Midway,Northwest Hawaiian Islands,Northwest_Hawaiian_Islands
Midway,Northwest Hawaiian Islands,Northwest_Hawaiian_Islands
Midway,Northwest Hawaiian Islands,Northwest_Hawaiian_Islands
Midway,Northwest Hawaiian Islands,Northwest_Hawaiian_Islands
Midway,Northwest Hawaiian Islands,Northwest_Hawaiian_Islands
Midway,Northwest Hawaiian Islands,Northwest_Hawaiian_Islands
Midway,Northwest Hawaiian Islands,Northwest_Hawaiian_Islands
Midway,Northwest Hawaiian Islands,Northwest_Hawaiian_Islands
Midway,Northwest Hawaiian Islands,Northwest_Hawaiian_Islands
Midway,Northwest Hawaiian Islands,Northwest_Hawaiian_Islands
Niihau,Main Hawaiian Islands,Main_Hawaiian_Islands
Niihau,Main Hawaiian Islands,Main_Hawaiian_Islands
Niihau,Main Hawaiian Islands,Main_Hawaiian_Islands
Niihau,Main Hawaiian Islands,Main_Hawaiian_Islands
Niihau,Main Hawaiian Islands,Main_Hawaiian_Islands
Oahu,Main Hawaiian Islands,Main_Hawaiian_Islands
Oahu,Main Hawaiian Islands,Main_Hawaiian_Islands
Oahu,Main Hawaiian Islands,Main_Hawaiian_Islands
Oahu,Main Hawaiian Islands,Main_Hawaiian_Islands
Oahu,Main Hawaiian Islands,Main_Hawaiian_Islands
Oahu,Main Hawaiian Islands,Main_Hawaiian_Islands
Oahu,Main Hawaiian Islands,Main_Hawaiian_Islands
Oahu,Main Hawaiian Islands,Main_Hawaiian_Islands
Oahu,Main Hawaiian Islands,Main_Hawaiian_Islands
Oahu,Main Hawaiian Islands,Main_Hawaiian_Islands
Oahu,Main Hawaiian Islands,Main_Hawaiian_Islands
Oahu,Main Hawaiian Islands,Main_Hawaiian_Islands
Oahu,Main Hawaiian Islands,Main_Hawaiian_Islands
Oahu,Main Hawaiian Islands,Main_Hawaiian_Islands
Oahu,Main Hawaiian Islands,Main_Hawaiian_Islands
Oahu,Main Hawaiian Islands,Main_Hawaiian_Islands
Oahu,Main Hawaiian Islands,Main_Hawaiian_Islands
Oahu,Main Hawaiian Islands,Main_Hawaiian_Islands
Oahu,Main Hawaiian Islands,Main_Hawaiian_Islands
Oahu,Main Hawaiian Islands,Main_Hawaiian_Islands
Oahu,Main Hawaiian Islands,Main_Hawaiian_Islands
Oahu,Main Hawaiian Islands,Main_Hawaiian_Islands
Oahu,Main Hawaiian Islands,Main_Hawaiian_Islands
Oahu,Main Hawaiian Islands,Main_Hawaiian_Islands
Ogasawara,Japan,Japan
Ogasawara,Japan,Japan
Ogasawara,Japan,Japan
Ogasawara,Japan,Japan
Ogasawara,Japan,Japan
Ogasawara,Japan,Japan
Ogasawara,Japan,Japan
Ogasawara,Japan,Japan
Ogasawara,Japan,Japan
Ogasawara,Japan,Japan
Ogasawara,Japan,Japan
Ogasawara,Japan,Japan
Ogasawara,Japan,Japan
Ogasawara,Japan,Japan
Ogasawara,Japan,Japan
Ogasawara,Japan,Japan
Ogasawara,Japan,Japan
Ogasawara,Japan,Japan
Ogasawara,Japan,Japan
Ogasawara,Japan,Japan
Ishigaki,Japan,Japan
Ishigaki,Japan,Japan
Ishigaki,Japan,Japan
Ishigaki,Japan,Japan
Ishigaki,Japan,Japan
Ishigaki,Japan,Japan
Ishigaki,Japan,Japan
Ishigaki,Japan,Japan
Ishigaki,Japan,Japan
Ishigaki,Japan,Japan
Ishigaki,Japan,Japan
Ishigaki,Japan,Japan
Ishigaki,Japan,Japan
Ishigaki,Japan,Japan
Ishigaki,Japan,Japan
Ishigaki,Japan,Japan
Ishigaki,Japan,Japan
Ishigaki,Japan,Japan
Ishigaki,Japan,Japan
Ishigaki,Japan,Japan
Ishigaki,Japan,Japan
Ishigaki,Japan,Japan
Ishigaki,Japan,Japan
Ishigaki,Japan,Japan
Palmyra,Line Islands,Line_Islands
Palmyra,Line Islands,Line_Islands
Palmyra,Line Islands,Line_Islands
Palmyra,Line Islands,Line_Islands
Palmyra,Line Islands,Line_Islands
Palmyra,Line Islands,Line_Islands
Palmyra,Line Islands,Line_Islands
Palmyra,Line Islands,Line_Islands
Palmyra,Line Islands,Line_Islands
Palmyra,Line Islands,Line_Islands
Palmyra,Line Islands,Line_Islands
Palmyra,Line Islands,Line_Islands
Palmyra,Line Islands,Line_Islands
Palmyra,Line Islands,Line_Islands
Palmyra,Line Islands,Line_Islands
Palmyra,Line Islands,Line_Islands
Pearl & Hermes,Northwest Hawaiian Islands,Northwest_Hawaiian_Islands
Pearl & Hermes,Northwest Hawaiian Islands,Northwest_Hawaiian_Islands
Pearl & Hermes,Northwest Hawaiian Islands,Northwest_Hawaiian_Islands
Pearl & Hermes,Northwest Hawaiian Islands,Northwest_Hawaiian_Islands
Pearl & Hermes,Northwest Hawaiian Islands,Northwest_Hawaiian_Islands
Pearl & Hermes,Northwest Hawaiian Islands,Northwest_Hawaiian_Islands
Pearl & Hermes,Northwest Hawaiian Islands,Northwest_Hawaiian_Islands
Pearl & Hermes,Northwest Hawaiian Islands,Northwest_Hawaiian_Islands
Pearl & Hermes,Northwest Hawaiian Islands,Northwest_Hawaiian_Islands
Pearl & Hermes,Northwest Hawaiian Islands,Northwest_Hawaiian_Islands
Pearl & Hermes,Northwest Hawaiian Islands,Northwest_Hawaiian_Islands
Pearl & Hermes,Northwest Hawaiian Islands,Northwest_Hawaiian_Islands
Pearl & Hermes,Northwest Hawaiian Islands,Northwest_Hawaiian_Islands
Pearl & Hermes,Northwest Hawaiian Islands,Northwest_Hawaiian_Islands
Pearl & Hermes,Northwest Hawaiian Islands,Northwest_Hawaiian_Islands
Pearl & Hermes,Northwest Hawaiian Islands,Northwest_Hawaiian_Islands
Pearl & Hermes,Northwest Hawaiian Islands,Northwest_Hawaiian_Islands
Pearl & Hermes,Northwest Hawaiian Islands,Northwest_Hawaiian_Islands
Pearl & Hermes,Northwest Hawaiian Islands,Northwest_Hawaiian_Islands
Pearl & Hermes,Northwest Hawaiian Islands,Northwest_Hawaiian_Islands
Pearl & Hermes,Northwest Hawaiian Islands,Northwest_Hawaiian_Islands
Pearl & Hermes,Northwest Hawaiian Islands,Northwest_Hawaiian_Islands
Pearl & Hermes,Northwest Hawaiian Islands,Northwest_Hawaiian_Islands
Pearl & Hermes,Northwest Hawaiian Islands,Northwest_Hawaiian_Islands
Pearl & Hermes,Northwest Hawaiian Islands,Northwest_Hawaiian_Islands
Pearl & Hermes,Northwest Hawaiian Islands,Northwest_Hawaiian_Islands
Pearl & Hermes,Northwest Hawaiian Islands,Northwest_Hawaiian_Islands
Pearl & Hermes,Northwest Hawaiian Islands,Northwest_Hawaiian_Islands
Pearl & Hermes,Northwest Hawaiian Islands,Northwest_Hawaiian_Islands
Pearl & Hermes,Northwest Hawaiian Islands,Northwest_Hawaiian_Islands
Pearl & Hermes,Northwest Hawaiian Islands,Northwest_Hawaiian_Islands
Pearl & Hermes,Northwest Hawaiian Islands,Northwest_Hawaiian_Islands
Pearl & Hermes,Northwest Hawaiian Islands,Northwest_Hawaiian_Islands
Pearl & Hermes,Northwest Hawaiian Islands,Northwest_Hawaiian_Islands
Pearl & Hermes,Northwest Hawaiian Islands,Northwest_Hawaiian_Islands
Pearl & Hermes,Northwest Hawaiian Islands,Northwest_Hawaiian_Islands
Pearl & Hermes,Northwest Hawaiian Islands,Northwest_Hawaiian_Islands
Mayu Island Maluku Sea,Indonesia,Mayu_Island_Maluku_Sea
Mayu Island Maluku Sea,Indonesia,Mayu_Island_Maluku_Sea
Mayu Island Maluku Sea,Indonesia,Mayu_Island_Maluku_Sea
Mayu Island Maluku Sea,Indonesia,Mayu_Island_Maluku_Sea
Mayu Island Maluku Sea,Indonesia,Mayu_Island_Maluku_Sea
Mayu Island Maluku Sea,Indonesia,Mayu_Island_Maluku_Sea
Mayu Island Maluku Sea,Indonesia,Mayu_Island_Maluku_Sea
Mayu Island Maluku Sea,Indonesia,Mayu_Island_Maluku_Sea
Mayu Island Maluku Sea,Indonesia,Mayu_Island_Maluku_Sea
Mayu Island Maluku Sea,Indonesia,Mayu_Island_Maluku_Sea
Mayu Island Maluku Sea,Indonesia,Mayu_Island_Maluku_Sea
Mayu Island Maluku Sea,Indonesia,Mayu_Island_Maluku_Sea
Mayu Island Maluku Sea,Indonesia,Mayu_Island_Maluku_Sea
Halmahera,Indonesia,Halmahera
Halmahera,Indonesia,Halmahera
Halmahera,Indonesia,Halmahera
Halmahera,Indonesia,Halmahera
Halmahera,Indonesia,Halmahera
Halmahera,Indonesia,Halmahera
Halmahera,Indonesia,Halmahera
Halmahera,Indonesia,Halmahera
Halmahera,Indonesia,Halmahera
Halmahera,Indonesia,Halmahera
Halmahera,Indonesia,Halmahera
Halmahera,Indonesia,Halmahera
Halmahera,Indonesia,Halmahera
Halmahera,Indonesia,Halmahera
Halmahera,Indonesia,Halmahera
Halmahera,Indonesia,Halmahera
Pulau Weh Aceh,Indonesia,Pulau_Weh_Aceh
Pulau Weh Aceh,Indonesia,Pulau_Weh_Aceh
Pulau Weh Aceh,Indonesia,Pulau_Weh_Aceh
Pulau Weh Aceh,Indonesia,Pulau_Weh_Aceh
Pulau Weh Aceh,Indonesia,Pulau_Weh_Aceh
Pulau Weh Aceh,Indonesia,Pulau_Weh_Aceh
Pulau Weh Aceh,Indonesia,Pulau_Weh_Aceh
Pulau Weh Aceh,Indonesia,Pulau_Weh_Aceh
Pulau Weh Aceh,Indonesia,Pulau_Weh_Aceh
Pulau Weh Aceh,Indonesia,Pulau_Weh_Aceh
Pulau Weh Aceh,Indonesia,Pulau_Weh_Aceh
Pulau Weh Aceh,Indonesia,Pulau_Weh_Aceh
Pulau Weh Aceh,Indonesia,Pulau_Weh_Aceh
Pulau Weh Aceh,Indonesia,Pulau_Weh_Aceh
Pulau Weh Aceh,Indonesia,Pulau_Weh_Aceh
Pulau Weh Aceh,Indonesia,Pulau_Weh_Aceh
Pulau Weh Aceh,Indonesia,Pulau_Weh_Aceh
Pulau Weh Aceh,Indonesia,Pulau_Weh_Aceh
Pulau Weh Aceh,Indonesia,Pulau_Weh_Aceh
Pulau Weh Aceh,Indonesia,Pulau_Weh_Aceh
Halmahera,Indonesia,Halmahera
Halmahera,Indonesia,Halmahera
Halmahera,Indonesia,Halmahera
Halmahera,Indonesia,Halmahera
Halmahera,Indonesia,Halmahera
Halmahera,Indonesia,Halmahera
Halmahera,Indonesia,Halmahera
Halmahera,Indonesia,Halmahera
Halmahera,Indonesia,Halmahera
Halmahera,Indonesia,Halmahera
Halmahera,Indonesia,Halmahera
Halmahera,Indonesia,Halmahera
Halmahera,Indonesia,Halmahera
Halmahera,Indonesia,Halmahera
Halmahera,Indonesia,Halmahera
Halmahera,Indonesia,Halmahera
Halmahera,Indonesia,Halmahera
Halmahera,Indonesia,Halmahera
Halmahera,Indonesia,Halmahera
Halmahera,Indonesia,Halmahera
Halmahera,Indonesia,Halmahera
Alam Kotok Pulau Seribu,Indonesia,Pulau_Seribu
Alam Kotok Pulau Seribu,Indonesia,Pulau_Seribu
Alam Kotok Pulau Seribu,Indonesia,Pulau_Seribu
Alam Kotok Pulau Seribu,Indonesia,Pulau_Seribu
Alam Kotok Pulau Seribu,Indonesia,Pulau_Seribu
Alam Kotok Pulau Seribu,Indonesia,Pulau_Seribu
Alam Kotok Pulau Seribu,Indonesia,Pulau_Seribu
Alam Kotok Pulau Seribu,Indonesia,Pulau_Seribu
Alam Kotok Pulau Seribu,Indonesia,Pulau_Seribu
Alam Kotok Pulau Seribu,Indonesia,Pulau_Seribu
Alam Kotok Pulau Seribu,Indonesia,Pulau_Seribu
Alam Kotok Pulau Seribu,Indonesia,Pulau_Seribu
Alam Kotok Pulau Seribu,Indonesia,Pulau_Seribu
Alam Kotok Pulau Seribu,Indonesia,Pulau_Seribu
Alam Kotok Pulau Seribu,Indonesia,Pulau_Seribu
Alam Kotok Pulau Seribu,Indonesia,Pulau_Seribu
Alam Kotok Pulau Seribu,Indonesia,Pulau_Seribu
Alam Kotok Pulau Seribu,Indonesia,Pulau_Seribu
Alam Kotok Pulau Seribu,Indonesia,Pulau_Seribu
Alam Kotok Pulau Seribu,Indonesia,Pulau_Seribu
Alam Kotok Pulau Seribu,Indonesia,Pulau_Seribu
Bunaken-Liang Beach,Indonesia,Bunaken
Bunaken-Liang Beach,Indonesia,Bunaken
Bunaken-Liang Beach,Indonesia,Bunaken
Bunaken-Liang Beach,Indonesia,Bunaken
Bunaken-Liang Beach,Indonesia,Bunaken
Bunaken-Liang Beach,Indonesia,Bunaken
Bunaken-Liang Beach,Indonesia,Bunaken
Bunaken-Liang Beach,Indonesia,Bunaken
Bunaken-Liang Beach,Indonesia,Bunaken
Bunaken-Liang Beach,Indonesia,Bunaken
Bunaken-Liang Beach,Indonesia,Bunaken
Bunaken-Liang Beach,Indonesia,Bunaken
Bunaken-Liang Beach,Indonesia,Bunaken
Bunaken-Liang Beach,Indonesia,Bunaken
Bunaken-Liang Beach,Indonesia,Bunaken
Bunaken-Liang Beach,Indonesia,Bunaken
Bunaken-Liang Beach,Indonesia,Bunaken
Bunaken-Liang Beach,Indonesia,Bunaken
Kukusan Waiciciu Flores,Indonesia,Kukusan_Waiciciu_Flores
Kukusan Waiciciu Flores,Indonesia,Kukusan_Waiciciu_Flores
Kukusan Waiciciu Flores,Indonesia,Kukusan_Waiciciu_Flores
Kukusan Waiciciu Flores,Indonesia,Kukusan_Waiciciu_Flores
Kukusan Waiciciu Flores,Indonesia,Kukusan_Waiciciu_Flores
Kukusan Waiciciu Flores,Indonesia,Kukusan_Waiciciu_Flores
Kukusan Waiciciu Flores,Indonesia,Kukusan_Waiciciu_Flores
Kukusan Waiciciu Flores,Indonesia,Kukusan_Waiciciu_Flores
Kukusan Waiciciu Flores,Indonesia,Kukusan_Waiciciu_Flores
Kukusan Waiciciu Flores,Indonesia,Kukusan_Waiciciu_Flores
Kukusan Waiciciu Flores,Indonesia,Kukusan_Waiciciu_Flores
Kukusan Waiciciu Flores,Indonesia,Kukusan_Waiciciu_Flores
Kukusan Waiciciu Flores,Indonesia,Kukusan_Waiciciu_Flores
Kukusan Waiciciu Flores,Indonesia,Kukusan_Waiciciu_Flores
Kukusan Waiciciu Flores,Indonesia,Kukusan_Waiciciu_Flores
Kukusan Waiciciu Flores,Indonesia,Kukusan_Waiciciu_Flores
Kukusan Waiciciu Flores,Indonesia,Kukusan_Waiciciu_Flores
Kukusan Waiciciu Flores,Indonesia,Kukusan_Waiciciu_Flores
Kukusan Waiciciu Flores,Indonesia,Kukusan_Waiciciu_Flores
Kukusan Waiciciu Flores,Indonesia,Kukusan_Waiciciu_Flores
Karimunjawa-Pulau Tengah,Indonesia,Karimunjawa-Pulau_Tengah
Karimunjawa-Pulau Tengah,Indonesia,Karimunjawa-Pulau_Tengah
Karimunjawa-Pulau Tengah,Indonesia,Karimunjawa-Pulau_Tengah
Karimunjawa-Pulau Tengah,Indonesia,Karimunjawa-Pulau_Tengah
Karimunjawa-Pulau Tengah,Indonesia,Karimunjawa-Pulau_Tengah
Karimunjawa-Pulau Tengah,Indonesia,Karimunjawa-Pulau_Tengah
Karimunjawa-Pulau Tengah,Indonesia,Karimunjawa-Pulau_Tengah
Karimunjawa-Pulau Tengah,Indonesia,Karimunjawa-Pulau_Tengah
Karimunjawa-Pulau Tengah,Indonesia,Karimunjawa-Pulau_Tengah
Karimunjawa-Pulau Tengah,Indonesia,Karimunjawa-Pulau_Tengah
Karimunjawa-Pulau Tengah,Indonesia,Karimunjawa-Pulau_Tengah
Karimunjawa-Pulau Tengah,Indonesia,Karimunjawa-Pulau_Tengah
Karimunjawa-Pulau Tengah,Indonesia,Karimunjawa-Pulau_Tengah
Karimunjawa-Pulau Tengah,Indonesia,Karimunjawa-Pulau_Tengah
Karimunjawa-Pulau Tengah,Indonesia,Karimunjawa-Pulau_Tengah
Karimunjawa-Pulau Tengah,Indonesia,Karimunjawa-Pulau_Tengah
Karimunjawa-Pulau Tengah,Indonesia,Karimunjawa-Pulau_Tengah
Karimunjawa-Pulau Tengah,Indonesia,Karimunjawa-Pulau_Tengah
Halmahera,Indonesia,Halmahera
Halmahera,Indonesia,Halmahera
Halmahera,Indonesia,Halmahera
Halmahera,Indonesia,Halmahera
Karang Congkak,Indonesia,Pulau_Seribu
Karang Congkak,Indonesia,Pulau_Seribu
Karang Congkak,Indonesia,Pulau_Seribu
Karang Congkak,Indonesia,Pulau_Seribu
Karang Congkak,Indonesia,Pulau_Seribu
Karang Congkak,Indonesia,Pulau_Seribu
Karang Congkak,Indonesia,Pulau_Seribu
Karang Congkak,Indonesia,Pulau_Seribu
Karang Congkak,Indonesia,Pulau_Seribu
Karang Congkak,Indonesia,Pulau_Seribu
Karang Congkak,Indonesia,Pulau_Seribu
Karang Congkak,Indonesia,Pulau_Seribu
Karang Congkak,Indonesia,Pulau_Seribu
Karang Congkak,Indonesia,Pulau_Seribu
Karang Congkak,Indonesia,Pulau_Seribu
Karang Congkak,Indonesia,Pulau_Seribu
Karang Congkak,Indonesia,Pulau_Seribu
Bunaken-Liang Beach,Indonesia,Bunaken
Bunaken-Liang Beach,Indonesia,Bunaken
Bunaken-Liang Beach,Indonesia,Bunaken
Gili Trawagan Lombok,Indonesia,Lombok
Gili Trawagan Lombok,Indonesia,Lombok
Gili Trawagan Lombok,Indonesia,Lombok
Gili Trawagan Lombok,Indonesia,Lombok
Gili Trawagan Lombok,Indonesia,Lombok
Lahewa Nias,Indonesia,Lahewa_Nias
Lahewa Nias,Indonesia,Lahewa_Nias
Lahewa Nias,Indonesia,Lahewa_Nias
Lahewa Nias,Indonesia,Lahewa_Nias
Lahewa Nias,Indonesia,Lahewa_Nias
Lahewa Nias,Indonesia,Lahewa_Nias
Lahewa Nias,Indonesia,Lahewa_Nias
Kodingarengkeke Makassar,Indonesia,Kodingarengkeke_Makassar
Kodingarengkeke Makassar,Indonesia,Kodingarengkeke_Makassar
Kodingarengkeke Makassar,Indonesia,Kodingarengkeke_Makassar
Kodingarengkeke Makassar,Indonesia,Kodingarengkeke_Makassar
Kodingarengkeke Makassar,Indonesia,Kodingarengkeke_Makassar
Kodingarengkeke Makassar,Indonesia,Kodingarengkeke_Makassar
Kodingarengkeke Makassar,Indonesia,Kodingarengkeke_Makassar
Kodingarengkeke Makassar,Indonesia,Kodingarengkeke_Makassar
Kodingarengkeke Makassar,Indonesia,Kodingarengkeke_Makassar
Kodingarengkeke Makassar,Indonesia,Kodingarengkeke_Makassar
Eastern Australia,Australia,Eastern_Australia
Eastern Australia,Australia,Eastern_Australia
Eastern Australia,Australia,Eastern_Australia
Eastern Australia,Australia,Eastern_Australia
Eastern Australia,Australia,Eastern_Australia
Eastern Australia,Australia,Eastern_Australia
Eastern Australia,Australia,Eastern_Australia
Eastern Australia,Australia,Eastern_Australia
Eastern Australia,Australia,Eastern_Australia
Eastern Australia,Australia,Eastern_Australia
Eastern Australia,Australia,Eastern_Australia